{
  "RegistrationMark": "registration",
  "NCAAAircraftSerialNumber": "serialnumber",
  "NCAARegistrationDt": "Do not Map",
  "OwnerName": "owner",
  "OwnerAddress1": "Do not Map",
  "OwnerAddress2": "Do not Map",
  "OwnerAddress3": "Do not Map",
  "Country_ICAOCountryName": "Do not Map",
  "OperatorName": "Do not Map",
  "OperatorAddress1": "Do not Map",
  "OperatorAddress2": "Do not Map",
  "OperatorAddress3": "Do not Map",
  "Country_1_ICAOCountryName": "Do not Map",
  "AirportName": "Do not Map",
  "CellCategoryDesc": "Do not Map",
  "CellManufacturer": "manufacturericao",
  "NCAACellManufacturer": "manufacturericao",
  "CellMake": "model",
  "CellMasterModel": "typecode",
  "CellModel": "typecode",
  "NCAACellModel": "typecode",
  "CellMasterSerie": "Do not Map",
  "CellSeries": "Do not Map",
  "CellPopularName": "Do not Map",
  "PaxCount": "Do not Map",
  "NCAAPaxCount": "Do not Map",
  "CellMTOW": "Do not Map",
  "NCAAMTOW": "Do not Map",
  "CellYearFirstConstruction": "built",
  "NCAAYearOfConstruction": "built",
  "Length": "Do not Map",
  "CellWidth": "Do not Map",
  "CellHeight": "Do not Map",
  "Ceiling": "Do not Map",
  "MaximumSpeed": "Do not Map",
  "ConstructionMaterial": "Do not Map",
  "AerofoilDesc": "Do not Map",
  "EmpennageDesc": "Do not Map",
  "LandingGearDesc": "Do not Map",
  "Pressurization": "Do not Map",
  "EngineCount": "Do not Map",
  "OACICODE": "Do not Map",
  "ModeSCode": "icao24",
  "NCAANoiseInformation": "Do not Map",
  "NCAACDNCategory": "Do not Map",
  "NCAACDNExpirationDt": "Do not Map",
  "EngineCategory": "Do not Map",
  "EngineManufacturer": "Do not Map",
  "NCAAEngineManufacturer": "Do not Map",
  "NCAAEngineType": "engines",
  "EngineModel": "engines",
  "NCAAEngineModel": "engines",
  "EngineHorsePower": "Do not Map",
  "EngineUnity": "Do not Map",
  "PropellerCategoryDesc": "Do not Map",
  "PropellerManufacturer": "Do not Map",
  "NCAAPropellerManufacturer": "Do not Map",
  "PropellerModel": "Do not Map",
  "NCAAPropellerModel": "Do not Map"
}